id:ID(Project),Name,Description,Profile,PhotoUrl,Duration:int,Rated,StartDate:int,Uuid
1,The Matrix,Welcome to the Real World.,Thomas A. Anderson is a man living two lives. By day he is an average computer programmer and by night a malevolent hacker known as Neo,http://image.tmdb.org/t/p/w185/ezIurBz2fdUc68d98Fp9dRf5ihv.jpg,140,R,19990101,d78c1633-af4c-42d9-9543-d66e35efdfd1
28,The Matrix Reloaded,Free your mind.,Six months after the events depicted in The Matrix  Morpheus and Trinity are advised by the Oracle to find the Keymaker who would help them reach the Source. Meanwhile Neo's recurrent dreams depicting Trinity's death have got him worried and as if it was not enough  Agent Smith has somehow escaped deletion  has become more powerful than before and has fixed Neo as his next target,http://image.tmdb.org/t/p/w185/ezIurBz2fdUc68d98Fp9dRf5ihv.jpg,138,R,20030601,8dd45bb5-1b17-4a9a-b6f6-4ca8aac51660
68,The Matrix Revolutions,Everything that has a beginning has an end.,The human city of Zion defends itself against the massive invasion of the machines as Neo fights to end the war at another front while also opposing the rogue Agent Smith.,http://image.tmdb.org/t/p/w185/sKogjhfs5q3azmpW7DFKKAeLEG8.jpg,129,R,20041105,0c5e8c3b-ee94-4c0e-8b36-84f06785d0aa
82,Pulp Fiction,Just because you are a character doesn't mean you have character.,placeholder text,http://image.tmdb.org/t/p/w185/dM2w364MScsjFf8pfMbaWUcWrR.jpg,154,R,19951014,cccc989e-3df4-45fc-922f-5824ee59da1d
130,Cloud Atlas,Everything is Connected,placeholder text,http://image.tmdb.org/t/p/w185/k9gWDjfXM80iXQLuMvPlZgSFJgR.jpg,172,R,20121026,0f8daa7a-999c-494b-898e-7a0464e5c5ed
457,The Shawshank Redemption,Fear can hold you prisoner. Hope can set you free.,placeholder text,http://image.tmdb.org/t/p/w185/9O7gLzmreU0nGkIB6K3BsJbzvNv.jpg,142,R,19940923,8c9980f6-91a8-46dd-a194-78d5e822bd2e
471,The Godfather,An offer you can't refuse.,placeholder text,http://image.tmdb.org/t/p/w185/d4KNaTrltq6bpkFS01pYtyXa09m.jpg,175,R,19720415,0dcc0a40-4aa3-41f6-8cd0-7cbf6a2fb08f
496,The Godfather: Part II,I don't feel I have to wipe everybody out,,,,,19741212,574df3ad-e5e7-429b-a0d8-a31bafbbe1ae
517,The Good The Bad and The Ugly,The definitive western,,"data:image/jpeg;base64,/9j/4AAQSkZJRgABAQAAAQABAAD/2wCEAAkGBwgHBgkIBwgKCgkLDRYPDQwMDRsUFRAWIB0iIiAdHx8kKDQsJCYxJx8fLT0tMTU3Ojo6Iys/RD84QzQ5OjcBCgoKDQwNGg8PGjclHyU3Nzc3Nzc3Nzc3Nzc3Nzc3Nzc3Nzc3Nzc3Nzc3Nzc3Nzc3Nzc3Nzc3Nzc3Nzc3Nzc3N//AABEIAEgASAMBIgACEQEDEQH/xAAcAAABBAMBAAAAAAAAAAAAAAAHAAQFBgIDCAH/xAAyEAACAQMCBAQFBAEFAAAAAAABAgMABBEFIQYSMUETIlFxBxQyYYFCkaGxJCNSosHx/8QAGAEAAwEBAAAAAAAAAAAAAAAAAgMEAQD/xAAfEQACAgICAwEAAAAAAAAAAAAAAQIRAyESMSJBUQT/2gAMAwEAAhEDEQA/ADjULxoHPB+tiNeZzp8+FPfyGpqoDjzVYtH4R1O7lxkwNFGD3d/Kv8muOOWZF85FYCHm9ayZyX5ht6VJ6fevGwy38UAYwh0+aZv9OFz98VJR6BKqc8kip9s1OIWeMOqg57CnmnaVFe86XJli/wBpxkVzOs94dMkDW9xE5Zrd1Y/g5roZSGUEdCMigXb8K3GmTCa3vivQ8jDZhRn0W8+e0y3uMBWZcMo7EbGtiCx9SpUqIwwWWNwCjqwPoc0HPjdqzjU4NMLyPAYFl8LflLczDPpmpm4+DHCsrZtZtStB2WKZSP8AkpP80Ftf0uxs+IbjTdK8d445DFm6dCxZc8xymBjahl1sKO3oxtHsFeRrxG5eTMaRsBluwJOcD8E1J6dq+iWx/wAnTVnG/wCpc/jyf9VWZoHhkKSR7jup2NZ28SySBWDfigdNDEnZdtO4q0qyl3U3EIIwhhCHl9wNjip+z434fa7XwmnslI3aeWSRfbHhtj3+1DtNJ5/oZh7/APla59OaDHO3LnpzYGaHwYTjNB+0jVNM1fmS1vtPvnVAQIZzzr1+oBBjt29asujstnHJDIUijGGHMW699yAPSuYrHTJnkEsFyYZU3RlyrA+oIO1EjgQ8Ya1NcW1vxMpS2VSDd23jK2cj6sg5/NbFq6QuUGlbDMt5at9NzCfaQUqqI4a1uVR85daZK4/UsTr/AGTSpuxZaCwSNmYkAAkkdq5RvjGNdSQFhHLLnznJAb1P5rqfVbg2emXVwkJmaKFnEQ6vgdK5IvpRPFG7/WPK1ZPbDx62WGa2eQMjwBHGSrcuxx2z7U302GNboqwy2adaXe3D6XE0rCUEY8/X96aQSBLpuXffrUyvaLJVqRbrG2CgYAOTjpUxBaW5idY4InLbFmQbVGWVwqQqHGMjb71JQ3sFvFyscu2CVH9mk27HqmiNS3W3uOVwvgSHkKEDzL3/AHoq8DaRaWGmyy2UXhGaTzqCcbDsO3U9KEUZlurou4VgH85dyOVc9gBR10G3NppNtEAPp5tvvvVGFeRN+muNDvkb1pVuAzXlV8iHigS8SfF6wL3dnoOkT6zDFGfmLgMUiVe52Ukr9zgUBp5fEduVeVSTyrnPKPSilrfGkvDWlRaJwpdW4tLa08Cab5NQbmXGHkIYf3nvnNCodAPSg7DWizaYcadGvXApg07W1wzHYg7Vs0S+ib/HkYI/QA/q9qWqwqzYxhwKnqpbK2+UE0PLPVJeWMM2wYbCrD4tzdWTGxZEnJzzMAcj03G1UWOdoUaORD5uhxU3perGCJ+WQZIwFPSslH4dCfplr0uw4gVw4tbO/wAYJi8VVbJ2x1FFThziPWpb2HTNX4XutPUR+W4EniR7YGCQMD9+1Uz4Zq+o61CYgxht8yztjbp5QT77/g0XmpmKL7E5pK6Rs5hSrRSpwg5EvAJLJmAy2MnFQ8RzXlKhiMkYOfMaewanIOVLjMqDuT5gPevKVa0n2ApNdFgs1065t/Gln8incHbA+4qwfCmDT9b+IjxfJW82mraSHwbqNXDAYAbB25uY5+wrylS4QSbGZcjcUdC2VlaadbiDT7S3tYRv4cEYRc+wraX+9KlTRFmJelSpVxln/9k=",,,19661223,24e85603-91e5-4092-a32d-a6395cdd842e
532,The Dark Knight,Why So Serious?,placeholder text,http://image.tmdb.org/t/p/w185/1hRoyzDtpgMU7Dz4JF22RANzQO7.jpg,152,PG-13,20080618,c7ab4655-ee32-4c5d-ab0b-d44311f213ba
564,The Dark Knight Rises,The Legend Ends,placeholder text,http://image.tmdb.org/t/p/w185/dEYnvnUfXrqvqeRSqvIEtmzhoA8.jpg,165,PG-13,20120620,b744d78f-9c3f-442c-913e-4a5cb498ec8d
598,Schindler's List,Whoever saves one life,,,,,19931225,df1fa364-2112-417e-9fd0-3a68e0b54760
615,12 Angry Men,Life is in their hands. Death is on their minds.,placeholder text,http://image.tmdb.org/t/p/w185/wvlFtIwh0GIqHRAz9F5cCch2IJD.jpg,96,NR,19570501,fd7c8b31-8cf7-41c1-8799-6def3de2a1b3
641,The Lord of the Rings: The Return of the King,The eye of the enemy is moving.,Aragorn is revealed as the heir to the ancient kings as he,,,,20031217,3db78df5-a924-4676-ace5-fe9a26bc384e
681,Fight Club,How much can you know about yourself if you've never been in a fight?,placeholder text,http://image.tmdb.org/t/p/w185/2lECpi35Hnbpa4y46JX0aY3AWTy.jpg,139,R,19991015,946f511f-ea93-4b7a-82bd-ad504a72881d
698,The Lord of the Rings: The Fellowship of the Ring,One ring to rule them all,Young hobbit Frodo Baggins,,,,20011219,f127885c-1fe0-4f54-a6f8-704b81a252b2
710,Star Wars: Episode V - The Empire Strikes Back,The Adventure Continues...,placeholder text,http://image.tmdb.org/t/p/w185/6u1fYtxG5eqjhtCPDx04pJphQRW.jpg,124,PG,19800517,1077822c-2263-43a7-81a9-000099dae549
737,Inception,Your mind is the scene of the crime.,placeholder text,http://image.tmdb.org/t/p/w185/tAXARVreJnWfoANIHASmgYk4SB0.jpg,148,PG-13,20100716,80e1a4b6-b3cb-4d69-b7df-b19bad3cbb39
750,One Flew Over the Cuckoo's Nest,If he's crazy,,,,,19751119,b9afe3b0-5988-45de-99cd-2d968fbf8ac3
770,Forrest Gump,The world will never be the same,,http://image.tmdb.org/t/p/w185/z4ROnCrL77ZMzT0MsNXY5j25wS2.jpg,142,PG13,19940623,c8846a4f-add9-4817-b9af-ce4870bd696a
781,Goodfellas,Three Decades of Life in the Mafia.,placeholder text,http://image.tmdb.org/t/p/w185/pwpGfTImTGifEGgLb3s6LRPd4I6.jpg,146,R,19900912,6ccca110-5062-44c2-9630-16877ebd5eb2
797,The Lord of the Rings: The Two Towers,A New Power Is Rising.,Frodo and Sam are trekking to Mordor to destroy the One Ring of Power while Gimli,,,,20021218,2b86a462-2181-4279-a647-4579ede228dd
805,Star Wars: Episode IV - A New Hope,A long time ago in a galaxy far,,,,,19770525,79cd75c7-3a42-40a2-b952-bd446b13ce02
1096,3 Days to Kill,amazing killing time,placeholder text,http://image.tmdb.org/t/p/w185/53pam1GAosXwOjefCEVNjYTvy6j.jpg,113,PG-13,20140221,ff3d8e2c-8377-492e-8358-d7d756657b3c
1097,300: Rise of an Empire,Amazing killing time,placeholder text,http://image.tmdb.org/t/p/w185/hrOMW22FV86te7uLyRnp3Z6Nv6e.jpg,0,R,20140407,46e59b5d-b6e9-43fc-af0f-aa5d9d6771ef
1118,American Hustle,Everyone Hustles To Survive,placeholder text,http://image.tmdb.org/t/p/w185/mhB7C62lSMpGO2HYNaW6d7W3TVH.jpg,138,R,20131220,8246f0ba-f165-408f-95b9-767a932fd104
1241,Frozen,Amazing killing time,placeholder text,http://image.tmdb.org/t/p/w185/qb4ls8KzTJMFPEwNOfM7FotfC4Y.jpg,102,PG,20131127,b7b45cc4-c2ff-46d7-b036-398f4ae12f95
1293,Gravity,Don't Let Go,placeholder text,http://image.tmdb.org/t/p/w185/2gPjLWIyrWlAn2DgKMOKTBnZYyO.jpg,91,PG-13,20131004,82b3805a-95b0-4c55-93f3-841938271523
1356,The Monuments Men,It was the greatest art heist in history,placeholder text,http://image.tmdb.org/t/p/w185/lhCUqVEPA3MMxnV8QTeVBTmRrP4.jpg,118,PG-13,20140207,2a902c5c-7110-46f2-8c08-9be019908b5e
1366,The LEGO Movie,Assembling in 2014,placeholder text,http://image.tmdb.org/t/p/w185/lMHbadNmznKs5vgBAkHxKGHulOa.jpg,100,PG,20140207,7acc73a4-ad45-449f-bd61-db54347162d8
1412,RoboCop,We've got the future under control.,placeholder text,http://image.tmdb.org/t/p/w185/hFQcC5eSSHqJfk70RdgrMMxGuYt.jpg,102,PG-13,19870717,39be39c3-4737-470a-aba7-643ba7f82743
1550,Her,Amazing killing time,placeholder text,http://image.tmdb.org/t/p/w185/8f8Hisd36IN8jN1OpKxsxRu8i57.jpg,126,R,20140110,1c9ae4a7-5676-40b0-bed0-0885700f00d8
1596,Dallas Buyers Club,Dare to Live,placeholder text,http://image.tmdb.org/t/p/w185/ecb5z7VGKjfSQLPMwt1FOiPE5V0.jpg,117,R,20131101,998b87a1-c84d-4999-bdde-6dc3f7422e18
1693,12 Years a Slave,The extraordinary true story of Solomon Northup,placeholder text,http://image.tmdb.org/t/p/w185/kb3X943WMIJYVg4SOAyK0pmWL5D.jpg,134,R,20131018,acfdd5b4-c652-4c1a-a2ac-d3641a83ed47
1768,Elysium,Amazing killing time,placeholder text,http://image.tmdb.org/t/p/w185/tHkjoAxmhp3Eau1h0Ir7maKMwUz.jpg,109,R,20130807,41386edb-e48c-4fa1-8299-320feb5b8e2e
1856,Epic,Discover a world beyond your imagination,placeholder text,http://image.tmdb.org/t/p/w185/fdXA81BOdZ3pEyBlY8UUvuJj136.jpg,102,PG,20130524,ffc53f2b-5637-41b8-84ee-6c12fa4f95e3
1935,The Croods,Meet the first modern family.,placeholder text,http://image.tmdb.org/t/p/w185/mo4WQxBxs6IU7fmkIOyMOLyG3qq.jpg,98,PG,20130322,21c66ad4-05de-4a9e-a34c-d6ee54aea7c0
2008,Mr. Peabody & Sherman,Amazing killing time,placeholder text,http://image.tmdb.org/t/p/w185/qnmYfaopf7xJwLgVjeTdgZ4nI0v.jpg,92,PG,20140307,4adbd4f1-8be1-47a4-8d0c-79bfa1c4a9a8
2055,The Avengers,Some assembly required.,placeholder text,http://image.tmdb.org/t/p/w185/cezWGskPY5x7GaglTTRN4Fugfb8.jpg,143,PG-13,20120504,cdc856eb-0667-4362-bb52-aadfba92ed44
2232,Hansel & Gretel: Witch Hunters,Classic tale. New twist.,placeholder text,http://image.tmdb.org/t/p/w185/yDIVWFJqFLIeS8E1R6GG9uwPMS3.jpg,88,R,20130125,ddd1b123-9db3-4b17-8869-173494c325a0
2398,The Lorax,Meet The Original Force Of Nature,placeholder text,http://image.tmdb.org/t/p/w185/6FuYtjegxaUv7n7C733hUEOQytR.jpg,86,PG,20120302,c6096975-1121-44e8-aaaf-688d4f06b60b
2422,Mulan,This time,,"data:image/jpeg;base64,/9j/4AAQSkZJRgABAQAAAQABAAD/2wCEAAkGBwgHBgkIBwgKCgkLDRYPDQwMDRsUFRAWIB0iIiAdHx8kKDQsJCYxJx8fLT0tMTU3Ojo6Iys/RD84QzQ5OjcBCgoKDQwNGg8PGjclHyU3Nzc3Nzc3Nzc3Nzc3Nzc3Nzc3Nzc3Nzc3Nzc3Nzc3Nzc3Nzc3Nzc3Nzc3Nzc3Nzc3N//AABEIAIoAbAMBEQACEQEDEQH/xAAbAAACAgMBAAAAAAAAAAAAAAAFBgQHAQIDAP/EADwQAAIBAwIDBgQEAwgCAwAAAAECAwAEEQUhBhIxEyJBUWGBB3GRsRQyQqEVI8EzUmJyktHw8WOiJbLh/8QAGgEAAgMBAQAAAAAAAAAAAAAABAUBAgMABv/EADMRAAICAQQABAUDBAAHAAAAAAECAAMRBBIhMQUTQVEiMmFxkYHR8BShscEVMzRCYuHx/9oADAMBAAIRAxEAPwDF5PLcIZYl5YImDBj4mnQGJYDHEJRSxzKGjZWB8j0qpEpjELaBaW17qKwXfPyMpxyeJ+f1rG5yi7hOAzGW90PTp7IgI1p+GyolKgc+3U+YoRL3Dc85lisWINC1K5tkuIrctG+OXvDJ9ceVFtcinBMpI9/p9xp1x2N0oDleYYOQRV0cOMiQRBt3fWlmAbu5ihz07RwM1zOq9mWCsehN7W6trpOa2uIpR/43BrldW6MgqR2JNhJKb+FHUHKyhnStpE9XTp6unT1dOmMV2J0gvGq27oqgKEIA9qXes19ZCj02Boo2BdWKjJVqtuliTJ2nI9hdR3MFxKXTOA5yD8xWdiixdrCcHIku/wBcvpY+zvXElvzc3Mq7r5A+lZ10IhysksWjfoGowTaRbxWVzh4ivacy5xk5I++KC1HwOS47komZW3xe46srfURZaK3a36LyTzdUj8gB4t+1VS5lXAlvLC8t+JTFzczXUzTXMryyMclmOTVSfUzs5mLe4ltpBJbyvE46MjYNd11OyR1HPh/j65tysGr5mhO3bKO+vzHiKJq1TpwepVkVpYltdrcQJNbyrJE4yrqcg0wW5iMgzEjnE6dq+etW85/eRibCYg771ZbmHcjE6CZfHatRevrOmwdD+oVoHU+siYv7G6tdPF1NCVilBCE+J+VLVdWbAM1jNwlFaR6COeNLmdiFnQKCU3wBv4Y3oTUM3me0sBmDeLbSO21MNCiJFImVCdMjrt4Vrp33JKkYgMjIIP0oiRBnFmsy8McNJdWl/wAt9eu0MUSjdUA3Yn0yPqKC1LgnYRNawR8UqCfTtRWzXUJ7S6FtKdrh4zysT60GGGcCXKtjJEhVaRMopc8qAsfIb104c9Rh0jgvXNSw62UlvBtmWccg36ADqT6Vk16L65mq0O30jRDBd8Ca5a6XeTdtY3qKwbH9nIcA49M/et9Jqck+0rfTjEcj1prBJnBPQE/KukTrb28tzMsUCM8jHCqPGoYhRkzhGOx4Plltw93cGCQk/wAsIGwPnmhX1QB4GZIWGb3WYLW3nleZbkM3KsPd7u3T1oetGdgAMTZgBE2z1O4sjJ+HKhZNypGR7UbZQlmNwlVcr1I89xNcPzzyPI3mxzitFUKMASpJPc5HOatIlYcW3g1PiuO1lcm2gkSALnYAsOc/v+1LNS2XJEIQdCXpcaTa3Vu9pLEj2boqNbkdwqP+hSMEg7hGJII2kQXdcH8PPbPDFpVnE5HddIVUqfA5A86sLGBzmRsyMYg/hHTrm50Ce14h0WGNnaW3zHEqCbl2JH12PjjIraxQCHU8TNXJyjdxoit/w6C5v5ULQptvhY9t29SfP6Y3rHI6EtmVV8V9WstWtrWa0S4Sa2nZD28LRse7zBgG3weXrRenVkY59plYwZMfWM8Lc8MbnqyA/tXoV6EXHuNnCk+n29rPOxVLuMEs8jd3koTUbyQPSSgzImpajaW2uxXWlyQLGqrkwgY8c+h2q9aM1W15x4MOXGraZeSdompzRgDlwkpQH296G8uxeNsuCIkY3plKTwV2z2cbyNjIVFJJ+QFVZwq7jJVdxxBkuqFZlQxPCuzEzxsGYf4V8fn96iq1LeFPM0tpekbm6zjIIP8AiTILjt1L9jLEM7doACfbP3q/Ux9JS1/KX1G8lYnLzuPqT/SlDdmEnsy8vhpxHecQaNi9RBJa/wAoyKSTJgA5Pl1pZegRsCG1tuXdGaSMl/GhzCAQBJMMYABPhVh1MW5Mg67f6hYwRNpmmG/dpArgShOzXxbfr7VogUnk4lDnGQMyqPi/fvd6zY2MkKpNFExdkORIGyEI8f72xAO9GaZQM4MxtPIGMRkhkuHhRYolQAAcznyr0AGBASBmSIrcKwklbtJPBj4fKpzK5nV40f8AOgPzFROzMYxtnHtmunQfr97c2EEb2y5Zm7x5c4H/AHigNXdZX0I28O0tWoYh/T8zXh/X5UvBPPYiZGVe0QNykcpzkZwAOhwT4UA2qNj9ekY3+FVJRy+OTjI59ODjucda1C91TUpbq1jl7ON2ZGWQTchOAVB6bco2Gw9ya7dfneg4EnTU6FKjXa2Sffj7Y9vuZ2s5NQugrx3lsyj84aElh6YDDFGU3ah+Vwf7RfrNNpqmCkFT+fwZUWpoYtRuIz+ZZ5M/6jWR75gJls/BZ+z0a+fwW8Ab5FB/UCl2q+YQzT8piWLqbyQ6fPNbsFlRCykjIyKxAyZvSA1iq3UD6fxLFInPeCONlUB2jbdG8mTrjOcEZH2q7JibvpccL37H/R/fEJavqFtp2my313MEgjTmZ/P5etZ7SxwIKOO/SUBHey8S8axXU4INzcqQmfyou4X6CnFFYXaoi+yzcxaWtGgS5VW2SRgNvP8A/abE8QbuWFNoWmCF7NLcxl15hNjm5SNup8fSlwvfO4mWC5iPdW/4e5lhVxII3K846GmKnIBmZ4nDFTOna6XFvJiEzbf2Yx3vTesX+U8Z+k3q+cfFt+vt+IIma1juMR2cjjlHJbm2IUyHqzE7bemdidxSe9GcgBcH7R7pydhZ7AfqWz+B3zCltb9jCke2QO9gdT4mm1a7FCxHdZ5jlj6wNq8S6bdpqUcbEA8siqcZB8fvSqxxptXx03P7x5pN2t0ZpY8r0fpKw4tiSPiO8aPBimYTIR4hhn75ohyCSR1E7o1ZKt2JZXwRAk0rV423HbocfNTS7VjJEJoOF/WWBFcLGrW14e5jAZvEeRoMN6GFlT86xV1fUOGeF5vxl7crcXIXMNugDSH/AJ5miU328CaX61tmG4lV8ZcZahxTcDtv5FnGcxWynIHqx8T9qNqpFf3imy0vx6TPw9iEvFNrkfkV3H+kj+tFU/OJg3yy31tWuXWNFDHIODW1+qWgc85nU0tZ1Cy3mrW9q0BjldTnDEFyPkaCGr0zsGYEfz6Tb+nsUcEQDJcql3FAcd8EknwPhTdfiXIgm2d8Zzjf3qMyuJJmIjXmO+4AHmT0FZFsCaKuTOSOWlMUi8smMgBsgj0+X9RUBucSWTjcOoOuNbtklMFukk82eUKi7E/Ohn1iA7VGTGdPhFzILLSEXvJ9v57wfe/i7jTNS/GxtGxMYVTju7+XvSTV2WHUr5nBweI+0delXaunORzk+8RePLOGI6dd2y8sc0boVznlKt0/9qaqVKAr0Z5/Xiwahls7Hr7+x/WPXwNtpo7DU5pI2WKaVOzYjZsAg4oLUn4gJWn5P1ljXNsJMsDg0Gy5hCORKb+KdiL7V0FiO0uLWPs5cfqJ3Cj1H9cUw0iFK+fWL9ZqkNoX2lcOjxSNHKjI6nDIwwVPkRRXczjX8NeccRh0jMnLC4wPM46mrI+1hOK5EtqC77GYQyxuC4JyF7px4ZzSvVC9nLusZ6fyQgVWhixuI/xCAhY8nbu8ufddjQisMzWxDt4gfinSoLadr3l7kzqT5A53+o3+tP8Aw3UkjyT+kXXofmEG2uqWtvbRxtz8wXflXxpo1bEwQqSZJ4jmks5NOuORjAl0O2I/SCCoP/tQVrFdp+sL0ahxYnqRx/n/AFJl4Bz2soYEdry5HirAj/Y1LnozGkZDr9M/iAtetIdNsrS3tw3avOSGAy5/5tQWpqCIoT3jrw7VvddY9p424569MTeBjeaRGLpifxVzl2bYlUOPDzC/vSlR5+uyxzgc/aE3WLo0ZqxjA4+5/wDZgTXNEElza6cQZpZJueGFhunNsObHn5eQzTGhlG4r8sQ+IeIPqygC4brPvLU0nTodLsobW3/JEgTp165P1JPvQTuXYsYQihFCiDuLdeXRbHliIN5MCIVP6fNj6D9zWlNW889TDU6gUpn1iNwhpz6jrAnmy0due2kZtyzk7Z9c7+1a6y3y6sDs8RPSpd9xjbr/AArpGvp/8haKZcYE0fdce/8AvSmrU2VfKeIbEvRuFLjhvi1beKYyWkkZnSd1/SgIZWx498H2pmmtyos9Rx+ZtX8YKmNskgXMsw5UhLAtg949Ngd6ZaZ31AVyMSrrsyoMgRaye0dZI+WAnukHdPX+tZ6zwoNmys4PqP2hun1e0BHjZccl9pM8NyuMxknPgQNjSiiwo4I7E2sQfoZXHL5ivaZisy1L63sdQv1g7JVt5O5IOX83tSoEhOZQHBysH8QWVrDeaXp1mWMvavNIzk/2aKT9yBWJsLMohtFeKbbT7AfqT+wMCcRs3Y29suFNzL2bOeqp+qqa64pUSJt4TWrXF26UZ/b+/M6Itvaxtql2CY4Ii1vGRuqDx+Z2x5V56tG/5a9nv9oPrNV5zf8AiP5mD+ALObVtau9XuV53jG22wdv9l296aaqxKKxWP4IHowGsNhjnrN7Fo9hLeXeQiDYeLN4KPU0JSwubasYvaqKWMp/Ub641S+lvLrLSyHZRuFHgo+VOFUKNoiC2xrX3GWTw3pn8L0uOJx/PfvzH/EfD26Ug1V3m2Ejr0hlabVxOd5qM81+9lZKwMS80r4JOPQAHzFZBeMw6qkbdzTlI8hXmuh3XxjEhBYevMFyOmAo36kbCp56E2CqB8MD3ckrK8M8jsefKhhy7DOTj516bwu9XqC+og16bW3SPHBmRAB1YD96YXvipj9DByY4TRXEEM0dqFkikVlETtgpkfpPl6H6141Lh082S9lGOxE6a3e3meORGRgfy7HG3pXp/DrnageswUkR1SxgidXjUhkOVPO2xHvWhcnudkwNHdtPxpOs0jEpb9kmT/lbH3oFSP6kj6RzYhHhKt7tk/wBxJepWUd/f2cLjmSDM0g9DsoPzIP0NY+I2hKwPWKq7mRWVf+4YP2zmAeOb7liNuDjnlVSP8Krzfdh9KD0Cc7vpBb2wMRq+GsKw8LRSADnnldz9eUfsooXxF8349gITpVxUIk/EHiA6trJtoXzZ2ZKKAdnf9Tf0Hv50z0VHlV5PZgeqt3NtHQkbguxF9rCyOuYrYdof836R9cn2rtdb5dWB2eP3lKFy2ZZDMBSKGxa4gtVvryO3gJilY450JByRjfHlkN7URUxUZMMpbamTALWGr6fGkdvf3MtjJG0XclLBnJwByk/lyQPSiPMV8kjn/U1Fing//JLsJ5b+CKW5tEEkZ5XlVSqhunLgYxvjpt6Vppasaj4Xx7St1gVADzCmnWwe/hQ7lMSNt5dP3x+9M/Er/L0+3PJ4i48mM1eXlor3EbS3Vw+M5lYdPI4/pXr/AA87NMglY+6vColR41UKy4wPOoUySMSvuLdGuxf/AMSsY5HDAdoIvzxsOjDx6AdKD1NTFt6dz0PhGvpWo6e/r0z19oV4ajkGlpPcM7zXB7Rmc5OOg/YA+9JtU5ezBPUTalke5mrGFzx9ol/ES4jh1aOKRirMvaDI2IIC9fmtM/Dq2assPt/n94DchPIjJwvrBg+Hs88MgMtpHMBg9GySp/cUFqqSdcqt0cQip9tOfaVirnanhiuWBwD/ACNKlm/VNMd/QAD75pL4i2bAvsIZQMLGGe8C7scDzO1AKpPU1zFnVnlm7crKIJWGU7QHvDxB9OUsKZaMrVYrOuQIay/AEEC6JfzzqsVu5W2PfihnkC5fO5GFJIHd22zTLxStQ27HPqQPfqYV5x942aIp/AvE4R2nJLkjC4Phj0zj260idsMCPSTqDlsQ9YWcdop5Czu2OZ36tjzrO697m3NMQMSSelYyYHsxE6ysUY5nk6f5jXq9HnyF+0oDGpyXPeOavwJBJPcFa4zLZmCI4muWEKEeGep9gCfasrrRWhaROcoW3tkWMcqIUUei5A+1ebHxE5mkSPizZLLpdtfKO/by8rH/AAPt98U28Gt22mv3H9x/DLSrVYrnlYjOxwcZr0mAe5E2DuOjt/qrvLU+krtHtO6X15HF2aXdyif3VmYD6ZqDTXnJUfiSIa4JvraPiO1fVpHkgGcLLKeRmxtzelLvEkYUE1Lz/qbVAFsGXX+LilXElmSjDrHO2D7HY15Iasg4Ihfl/WA9S4d0+dmurKECRFOwQI4BBzsMKevhjzzRI17ldueDOC4PIntKQYUkjoCazeLicsTDqEcowaykzncyrHCzscKoJPyFSBk4EgzlpVoy6dAXGHdedgfNjk/evWVHYgWZg4EPEb1mWnQLIwudQafrHEDFF8/1N+wHt60p11+4+WPSWA9Zm6VZLeVHOFZSCfL1oBSQwxLxS4td73Qb6Bk5pexYlB4Mo5iR6bZ+VH6JSuoUjr/UqDkgSokXmO2+fCvWAiWwepYq/DB2061mbUjDcSqC6SR5RWPhkUs/4thj8PELGlB9YrcVcNXPDU8MV1PDMZlLKY9th5ijaNYt4JxjEysoKYxzmLN3KUXlHVvtVLbQRhZHlsvJk3RuLNc0dQljqEqxjpG+HT6Gltujot+dZcWsIYuPiZxFcW7RFrRCykGRIcNv70OvhenVtwzLecxGJP0L4gTQxx/xWLKFignjHUgAnI9xXXaBG5TiCFCOpYWma5DeWkd1AzGCT8rshCnGx36UufSWL6SmcdyZGW1SQW6HMZOZWHQJ4j36e9a6SgmwMRwJBOYxlacbjJkqWMsjKDgkEZrDdOxFjTpcoobYgYI8j5UltUhiDJUwjsehrKXgm/0xezupIJUiEts8LiRcqFI6jy/4KNo1RQ4IzIAwwIivw38N5rfUba71OeJoIz2nZBd2I/KDnp50e+oyMLG4bcMkcx9v5UTnMhRMKT3x3JF8vnQbGSglQcY63a6q4jtLYYiYjt33bl8FHpR2nqZOW/EIiBqGfxG+dht60ZjAivUHLyOKmYzpDDLPIIoY3kkPREUkn2FRIjPpvDWsXmjX9q+kXySxYurYvbOOYjZ1Bx1K4IHiVqpYAzo5fB3XJbC4m4b1ZZLd5SZbVZkKHm/UgB+v1qj+4lHGRmW4I8bgAZrLdMcTxT0rt0nEkmsd0tFfXLWSxuXvYUZraQ80wUZMTf3sf3T4+R+e2FtXmcjuVPHM42+ooyBgylT0YHrS9kYHEsDOOrahyQREDOZRkdM4yfuBWlS8mXS0IwYiDNc42/hunh+wZpCeVVyKO0unbUPsBxD/AOsp7AOYha7xpqOrRG3GILYndASxb5mnVPhVaHJbJlDrm9Fi60jP1PsKYJpa15xB31Vr+s5vCkw5XBx5jqPlV7aw64mAbBlocO/CbQbi3gvp9SuL+CZA6CPESkHzxk/uK8/ZaykqRyJfd7SxdI0TTdHg7HTLGC2T/wAa7n5nqawNhPcqSTCHLUbpGJpNbQXAUTwxycpDLzqDgjoR5V2+T1OvSo3SMTQ126did8VlmTiaFd6jdOxBs+haZK7O1ois35jGSmfngjNWLk9yNgiB8S7iDhtNNj0yLEk0jO6yOzAquPM7bmjNJp11G7dO2DErLVtVudVnEtyQMDCouwUU2o06ULtWcBiRAaJUyZsDWwMrM1M6Wx8HdbMsVzosz5MY7eAE/pz3h9SD7mkfilW0iwessJZoFJ8yZnFdunT2K7dOnq7dOmhG9dunTfO1VM6YqBOmD0q06U38bSf45pgzt+Fb/wC1OPDPkb7yfSVzTORMiriRNxWqyJmpkRr+GTMvGuncpIz2gOD1HIdqB8S/6ZpZZfNeYMtPVE6bV06erp00NdOn/9k=",,,19980619,7efd21ab-6a17-4531-91b7-98f276b11e28
2498,Beowulf,Evil breeds pain.,placeholder text,http://image.tmdb.org/t/p/w185/j90lLkvlcPNL6VVoLGQ0yzPUfJV.jpg,115,PG-13,20071105,2be9553b-ce45-4a84-9d32-0446bdc3512a
2654,Solomon Kane,Fight evil... With evil.,placeholder text,http://image.tmdb.org/t/p/w185/n5SHBE4ulsDDVa9gYttUYwp1VZU.jpg,104,R,20091223,2c4c1480-0a49-490a-9336-ca5d74cbac02
2767,The Usual Suspects,Five Criminals . One Line Up . No Coincidence.,placeholder text,http://image.tmdb.org/t/p/w185/jgJoRWltoS17nD5MAQ1yK2Ztefw.jpg,106,R,19950719,e4ab2cb5-e2f0-41f4-9ee3-bd8534175411
2885,Hugo,One of the most legendary directors of our time takes you on an extraordinary adventure.,placeholder text,http://image.tmdb.org/t/p/w185/fkeaJr29ypea1n24gzspsc7qK44.jpg,126,PG,20111223,918dcbef-c99a-4c5f-b1c5-258749e88cfa
3106,Fargo,A lot can happen in the middle of nowhere.,placeholder text,http://image.tmdb.org/t/p/w185/aZeX4XNSqa08TdMHRB1gDLO6GOi.jpg,98,R,19960505,3138247c-7450-40c1-9bad-7356bb22b294
3252,The Silence of the Lambs,To enter the mind of a killer she must challenge the mind of a madman.,placeholder text,http://image.tmdb.org/t/p/w185/qjAyTj2BSth1EQ89vNfo0JYVPFN.jpg,118,R,19910213,7e0b8811-ce38-4d69-9157-1d8400bfade6
3390,The King's Speech,Find your voice.,placeholder text,http://image.tmdb.org/t/p/w185/v8M5Sytbut7vBXyZ1HDy8lUVVcB.jpg,118,R,20101006,04941d4f-a48a-4200-b230-8db459a17930
3459,There Will Be Blood,There Will Be Greed. There Will Be Vengeance.,placeholder text,http://image.tmdb.org/t/p/w185/bFgqkuAFBHNuq0oTtewHwuLVWSO.jpg,158,R,20080104,e8202f46-d106-4fab-9cf4-b4d00a5e8ddf
3624,The Iron Lady,Never compromise,placeholder text,http://image.tmdb.org/t/p/w185/e67tal4u66eFz8yGnJGTO5FYRxY.jpg,105,PG-13,20120113,78d1e75a-1b2a-4b75-bf7f-de8dca6b0bf7
3680,The Untouchables,What are you prepared to do?,placeholder text,http://image.tmdb.org/t/p/w185/nv7FOs90Y3Cq5tBhEITEV8Zebyw.jpg,119,R,19870602,534fb3e1-c2fe-439b-b0df-21c9b4aa3fc1
3753,Capote,In Cold Blood,placeholder text,http://image.tmdb.org/t/p/w185/bf3nxeLglBvXH5jAnMLmhc56muB.jpg,114,R,20051028,d2898d11-5548-4d79-88f9-8593cdbedca4
3915,Lost in Translation,Everyone wants to be found.,placeholder text,http://image.tmdb.org/t/p/w185/5T8VvuFTdaawKLJk34i69Utaw7o.jpg,102,R,20030912,5baec3fd-023a-402f-9c50-9582d0a957c6